{
  "main": {
    "id": "5352d880ee1f98ed",
    "type": "split",
    "children": [
      {
        "id": "c04363311cf3d805",
        "type": "tabs",
        "children": [
          {
            "id": "459212fa063963b7",
            "type": "leaf",
            "state": {
              "type": "markdown",
              "state": {
                "file": "note/tasks.md",
                "mode": "source",
                "source": false
              },
              "icon": "lucide-file",
              "title": "tasks"
            }
          }
        ]
      }
    ],
    "direction": "vertical"
  },
  "left": {
    "id": "ae29d7429f7ecc95",
    "type": "split",
    "children": [
      {
        "id": "aff7371c5a17ca3e",
        "type": "tabs",
        "children": [
          {
            "id": "1e74ebae2ba9be3e",
            "type": "leaf",
            "state": {
              "type": "file-explorer",
              "state": {
                "sortOrder": "alphabetical",
                "autoReveal": false
              },
              "icon": "lucide-folder-closed",
              "title": "Files"
            }
          },
          {
            "id": "5d5ebb7ba0dc6260",
            "type": "leaf",
            "state": {
              "type": "search",
              "state": {
                "query": "",
                "matchingCase": false,
                "explainSearch": false,
                "collapseAll": false,
                "extraContext": false,
                "sortOrder": "alphabetical"
              },
              "icon": "lucide-search",
              "title": "Search"
            }
          },
          {
            "id": "e359041c91b792b3",
            "type": "leaf",
            "state": {
              "type": "bookmarks",
              "state": {},
              "icon": "lucide-bookmark",
              "title": "Bookmarks"
            }
          }
        ]
      }
    ],
    "direction": "horizontal",
    "width": 300
  },
  "right": {
    "id": "888ed7acfba6633b",
    "type": "split",
    "children": [
      {
        "id": "5a0996af1e544d22",
        "type": "tabs",
        "children": [
          {
            "id": "510af3fbc2ed0fc3",
            "type": "leaf",
            "state": {
              "type": "backlink",
              "state": {
                "file": "note/tasks.md",
                "collapseAll": false,
                "extraContext": false,
                "sortOrder": "alphabetical",
                "showSearch": false,
                "searchQuery": "",
                "backlinkCollapsed": false,
                "unlinkedCollapsed": true
              },
              "icon": "links-coming-in",
              "title": "Backlinks for tasks"
            }
          },
          {
            "id": "7ba8948e6967198d",
            "type": "leaf",
            "state": {
              "type": "outgoing-link",
              "state": {
                "file": "note/tasks.md",
                "linksCollapsed": false,
                "unlinkedCollapsed": true
              },
              "icon": "links-going-out",
              "title": "Outgoing links from tasks"
            }
          },
          {
            "id": "baaa641bb34f575c",
            "type": "leaf",
            "state": {
              "type": "tag",
              "state": {
                "sortOrder": "frequency",
                "useHierarchy": true,
                "showSearch": false,
                "searchQuery": ""
              },
              "icon": "lucide-tags",
              "title": "Tags"
            }
          },
          {
            "id": "d5ae5347fcd487b6",
            "type": "leaf",
            "state": {
              "type": "outline",
              "state": {
                "file": "note/tasks.md",
                "followCursor": false,
                "showSearch": false,
                "searchQuery": ""
              },
              "icon": "lucide-list",
              "title": "Outline of tasks"
            }
          }
        ]
      }
    ],
    "direction": "horizontal",
    "width": 300,
    "collapsed": true
  },
  "left-ribbon": {
    "hiddenItems": {
      "switcher:Open quick switcher": false,
      "graph:Open graph view": false,
      "canvas:Create new canvas": false,
      "daily-notes:Open today's daily note": false,
      "templates:Insert template": false,
      "command-palette:Open command palette": false,
      "bases:Create new base": false
    }
  },
  "active": "459212fa063963b7",
  "lastOpenFiles": [
    "backups/context_lock_v2.6_event_system.zip",
    "backups/zi0VOfqa",
    "backups/context_lock_v3.9_full_restore.zip",
    "backups/context_lock_v3.9_full_restore_stable_manual.zip",
    "backups/zijbLlOH",
    "backups/ziMi2062",
    "backups/zifFEEjM",
    "note/tasks_2025-10-16.md",
    "note/tasks.md",
    "note/readme.md",
    "note/project_plan.md",
    "backups/context_lock_v2.5_2025-10-17.zip",
    "backups/ziH7GRkw",
    "note/revision_report.txt",
    "note/revision_protocol.md",
    "note/readme_2025-10-16.md",
    "note/project_structure.txt",
    "note/project_plan_2025-10-16.md",
    "note/changelog_2025-10-16.md",
    "note/changelog.md",
    "note/ui_guide.md",
    "backups/ui_guide.md",
    "backups/tasks.md",
    "backups/readme.md",
    "backups/project_plan.md",
    "backups/changelog.md",
    "backups/readme_2025-10-16.md",
    "backups/changelog_2025-10-16.md",
    "backups/tasks_2025-10-16.md",
    "backups/project_plan_2025-10-16.md"
  ]
}